Workbook

Sheet Tổng Quan (Summary)
A1: BÁO CÁO VÀ KỊCH BẢN KIỂM THỬ PHẦN MỀM
A3: Người thực hiện | B3: Senior QA
A4: Ngày tạo | B4: 12/06/2026 21:25
A5: Trạng thái | B5: Ready for Execution
A7: STT | B7: Phân Hệ Kiểm Thử (Module) | C7: Tổng số TC | D7: Đạt (Pass) | E7: Lỗi (Fail) | F7: Chưa chạy (Not Run)
A8: 1 | B8: Xác thực & Phiên | C8: =COUNTIF('Danh Sách Test Cases'!$B:$B,B8) | D8: =COUNTIFS('Danh Sách Test Cases'!$B:$B,B8,'Danh Sách Test Cases'!$H:$H,"Pass") | E8: =COUNTIFS('Danh Sách Test Cases'!$B:$B,B8,'Danh Sách Test Cases'!$H:$H,"Fail") | F8: =C8-D8-E8
A9: 2 | B9: Customer - Tìm kiếm & Khám phá | C9: =COUNTIF('Danh Sách Test Cases'!$B:$B,B9) | D9: =COUNTIFS('Danh Sách Test Cases'!$B:$B,B9,'Danh Sách Test Cases'!$H:$H,"Pass") | E9: =COUNTIFS('Danh Sách Test Cases'!$B:$B,B9,'Danh Sách Test Cases'!$H:$H,"Fail") | F9: =C9-D9-E9
A10: 3 | B10: Customer - Chi tiết & Phòng trống | C10: =COUNTIF('Danh Sách Test Cases'!$B:$B,B10) | D10: =COUNTIFS('Danh Sách Test Cases'!$B:$B,B10,'Danh Sách Test Cases'!$H:$H,"Pass") | E10: =COUNTIFS('Danh Sách Test Cases'!$B:$B,B10,'Danh Sách Test Cases'!$H:$H,"Fail") | F10: =C10-D10-E10
A11: 4 | B11: Customer - Đặt phòng | C11: =COUNTIF('Danh Sách Test Cases'!$B:$B,B11) | D11: =COUNTIFS('Danh Sách Test Cases'!$B:$B,B11,'Danh Sách Test Cases'!$H:$H,"Pass") | E11: =COUNTIFS('Danh Sách Test Cases'!$B:$B,B11,'Danh Sách Test Cases'!$H:$H,"Fail") | F11: =C11-D11-E11
A12: 5 | B12: Thanh toán VietQR & Sepay | C12: =COUNTIF('Danh Sách Test Cases'!$B:$B,B12) | D12: =COUNTIFS('Danh Sách Test Cases'!$B:$B,B12,'Danh Sách Test Cases'!$H:$H,"Pass") | E12: =COUNTIFS('Danh Sách Test Cases'!$B:$B,B12,'Danh Sách Test Cases'!$H:$H,"Fail") | F12: =C12-D12-E12
A13: 6 | B13: Voucher & Ưu đãi | C13: =COUNTIF('Danh Sách Test Cases'!$B:$B,B13) | D13: =COUNTIFS('Danh Sách Test Cases'!$B:$B,B13,'Danh Sách Test Cases'!$H:$H,"Pass") | E13: =COUNTIFS('Danh Sách Test Cases'!$B:$B,B13,'Danh Sách Test Cases'!$H:$H,"Fail") | F13: =C13-D13-E13
A14: 7 | B14: Customer - Tài khoản, Tin nhắn & Hỗ trợ | C14: =COUNTIF('Danh Sách Test Cases'!$B:$B,B14) | D14: =COUNTIFS('Danh Sách Test Cases'!$B:$B,B14,'Danh Sách Test Cases'!$H:$H,"Pass") | E14: =COUNTIFS('Danh Sách Test Cases'!$B:$B,B14,'Danh Sách Test Cases'!$H:$H,"Fail") | F14: =C14-D14-E14
A15: 8 | B15: Partner - Quản lý khách sạn | C15: =COUNTIF('Danh Sách Test Cases'!$B:$B,B15) | D15: =COUNTIFS('Danh Sách Test Cases'!$B:$B,B15,'Danh Sách Test Cases'!$H:$H,"Pass") | E15: =COUNTIFS('Danh Sách Test Cases'!$B:$B,B15,'Danh Sách Test Cases'!$H:$H,"Fail") | F15: =C15-D15-E15
A16: 9 | B16: Partner - Phòng, Giá & Inventory | C16: =COUNTIF('Danh Sách Test Cases'!$B:$B,B16) | D16: =COUNTIFS('Danh Sách Test Cases'!$B:$B,B16,'Danh Sách Test Cases'!$H:$H,"Pass") | E16: =COUNTIFS('Danh Sách Test Cases'!$B:$B,B16,'Danh Sách Test Cases'!$H:$H,"Fail") | F16: =C16-D16-E16
A17: 10 | B17: Partner - Booking, Thống kê & Cài đặt | C17: =COUNTIF('Danh Sách Test Cases'!$B:$B,B17) | D17: =COUNTIFS('Danh Sách Test Cases'!$B:$B,B17,'Danh Sách Test Cases'!$H:$H,"Pass") | E17: =COUNTIFS('Danh Sách Test Cases'!$B:$B,B17,'Danh Sách Test Cases'!$H:$H,"Fail") | F17: =C17-D17-E17
A18: 11 | B18: Admin - Quản trị & Phân quyền | C18: =COUNTIF('Danh Sách Test Cases'!$B:$B,B18) | D18: =COUNTIFS('Danh Sách Test Cases'!$B:$B,B18,'Danh Sách Test Cases'!$H:$H,"Pass") | E18: =COUNTIFS('Danh Sách Test Cases'!$B:$B,B18,'Danh Sách Test Cases'!$H:$H,"Fail") | F18: =C18-D18-E18
A19: 12 | B19: Bảo mật, UI/UX & Hiệu năng | C19: =COUNTIF('Danh Sách Test Cases'!$B:$B,B19) | D19: =COUNTIFS('Danh Sách Test Cases'!$B:$B,B19,'Danh Sách Test Cases'!$H:$H,"Pass") | E19: =COUNTIFS('Danh Sách Test Cases'!$B:$B,B19,'Danh Sách Test Cases'!$H:$H,"Fail") | F19: =C19-D19-E19
A20: Tổng | C20: =SUM(C8:C19) | D20: =SUM(D8:D19) | E20: =SUM(E8:E19) | F20: =SUM(F8:F19)

Sheet Danh Sách Test Cases
A1: Mã TC | B1: Phân Hệ | C1: Tên Kiểm Thử | D1: Điều Kiện Tiên Quyết | E1: Dữ Liệu Đầu Vào | F1: Các Bước Thực Hiện | G1: Kết Quả Mong Đợi | H1: Trạng Thái | I1: Ghi Chú
A2: TC_AUTH_01 | B2: Xác thực & Phiên | C2: Đăng ký tài khoản Customer hợp lệ | D2: Người dùng chưa có tài khoản với email dùng để đăng ký. | E2: Dữ liệu đăng ký khách hàng: - username: customer_test01 - email: customer_test01@gmail.com - password: Test@123456 - confirmPassword: Test@123456 - role: customer | F2: 1. Chuẩn bị dữ liệu test đầu vào theo cột Dữ Liệu Đầu Vào. 2. Mở màn hình Register. 3. Nhập username tối thiểu 2 ký tự, email hợp lệ, password và confirm password từ 6 ký tự trở lên. 4. Chọn Account Type là Customer và nhấn Create Account. | G2: 1. Hệ thống tạo tài khoản role customer thành công. 2. Người dùng được điều hướng về màn hình Login. 3. Không hiển thị lỗi validation hoặc lỗi API. | H2: Pass | I2: Đăng ký thành công tài khoản khách hàng: test_customer_7089@gmail.com
A3: TC_AUTH_02 | B3: Xác thực & Phiên | C3: Đăng ký tài khoản Partner hợp lệ | D3: Người dùng chưa có tài khoản với email dùng để đăng ký. | E3: Dữ liệu đăng ký đối tác: - username: partner_test01 - email: partner_test01@gmail.com - password: Test@123456 - confirmPassword: Test@123456 - role: partner | F3: 1. Chuẩn bị dữ liệu test đầu vào theo cột Dữ Liệu Đầu Vào. 2. Mở màn hình Register. 3. Nhập đầy đủ username, email, password và confirm password hợp lệ. 4. Chọn Account Type là Partner và nhấn Create Account. | G3: 1. API nhận role partner và tạo tài khoản đối tác. 2. Màn hình chuyển về Login để người dùng đăng nhập. 3. Không tự gán role admin hoặc role ngoài customer/partner. | H3: Pass | I3: Đăng ký thành công tài khoản đối tác (Chờ duyệt): test_partner_7089@gmail.com
A4: TC_AUTH_03 | B4: Xác thực & Phiên | C4: Không cho đăng ký email sai định dạng | D4: Người dùng đang ở màn hình Register. | E4: Dữ liệu đăng ký (email lỗi): - username: customer_test01 - email: customer_test01_wrong_email - password: Test@123456 - confirmPassword: Test@123456 - role: customer | F4: 1. Chuẩn bị dữ liệu test đầu vào theo cột Dữ Liệu Đầu Vào. 2. Nhập username hợp lệ. 3. Nhập email dạng sai, ví dụ abc hoặc user@. 4. Nhập password và confirm password hợp lệ rồi nhấn Create Account. | G4: 1. Form hiển thị lỗi email không hợp lệ. 2. Không gọi API đăng ký hoặc API trả về lỗi validation 400. 3. Dữ liệu không được tạo trong bảng users. | H4: Pass | I4: Từ chối đăng ký do email sai định dạng (Đúng thiết kế)
A5: TC_AUTH_04 | B5: Xác thực & Phiên | C5: Không cho đăng ký password dưới 6 ký tự | D5: Người dùng đang ở màn hình Register. | E5: Dữ liệu đăng ký (mật khẩu ngắn): - username: customer_test01 - email: customer_test01@gmail.com - password: 123 - confirmPassword: 123 - role: customer | F5: 1. Chuẩn bị dữ liệu test đầu vào theo cột Dữ Liệu Đầu Vào. 2. Nhập username và email hợp lệ. 3. Nhập password có 5 ký tự. 4. Nhập confirm password giống password và nhấn Create Account. | G5: 1. Form hiển thị thông báo password phải có ít nhất 6 ký tự. 2. Nút submit không tạo tài khoản thành công. 3. Người dùng vẫn ở màn hình Register. | H5: Pass | I5: Từ chối đăng ký do mật khẩu dưới 6 ký tự (Đúng thiết kế)
A6: TC_AUTH_05 | B6: Xác thực & Phiên | C6: Không cho đăng ký khi confirm password không khớp | D6: Người dùng đang ở màn hình Register. | E6: Dữ liệu đăng ký (mật khẩu không khớp): - username: customer_test01 - email: customer_test01@gmail.com - password: Test@123456 - confirmPassword: DifferentPassword999 - role: customer | F6: 1. Chuẩn bị dữ liệu test đầu vào theo cột Dữ Liệu Đầu Vào. 2. Nhập password hợp lệ. 3. Nhập confirm password khác password. 4. Nhấn Create Account. | G6: 1. Form hiển thị lỗi Passwords do not match. 2. Không tạo tài khoản mới. 3. Các giá trị hợp lệ đã nhập vẫn được giữ để người dùng sửa. | H6: Pass | I6: Xác nhận kiểm tra xác nhận mật khẩu trên Front-End
A7: TC_AUTH_06 | B7: Xác thực & Phiên | C7: Đăng nhập Customer thành công và điều hướng đúng | D7: Tồn tại tài khoản customer đang active. | E7: Dữ liệu đăng nhập khách hàng: - email: customer_test01@gmail.com - password: Test@123456 | F7: 1. Chuẩn bị dữ liệu test đầu vào theo cột Dữ Liệu Đầu Vào. 2. Mở màn hình Login. 3. Nhập email và password đúng. 4. Nhấn Login. | G7: 1. API trả về access token, refresh token và thông tin user. 2. Ứng dụng lưu phiên đăng nhập an toàn. 3. Người dùng được điều hướng tới /customer/dashboard. | H7: Pass | I7: Khách hàng đăng nhập thành công
A8: TC_AUTH_07 | B8: Xác thực & Phiên | C8: Đăng nhập Partner thành công và điều hướng đúng | D8: Tồn tại tài khoản partner đang active. | E8: Dữ liệu đăng nhập đối tác: - email: partner_test01@gmail.com - password: Test@123456 | F8: 1. Chuẩn bị dữ liệu test đầu vào theo cột Dữ Liệu Đầu Vào. 2. Mở màn hình Login. 3. Nhập email và password đúng của partner. 4. Nhấn Login. | G8: 1. Đăng nhập thành công. 2. Role partner được nhận diện đúng. 3. Người dùng được điều hướng tới /partner/dashboard. | H8: Pass | I8: Đối tác đăng nhập thành công
A9: TC_AUTH_08 | B9: Xác thực & Phiên | C9: Đăng nhập Admin thành công và điều hướng đúng | D9: Tồn tại tài khoản admin, SUPER_ADMIN, OPERATOR hoặc ACCOUNTANT đang active. | E9: Dữ liệu đăng nhập quản trị viên: - email: admin_test01@gmail.com - password: Test@123456 | F9: 1. Chuẩn bị dữ liệu test đầu vào theo cột Dữ Liệu Đầu Vào. 2. Mở màn hình Login trên trình duyệt web. 3. Nhập email và password đúng của admin. 4. Nhấn Login. | G9: 1. Đăng nhập thành công. 2. Ứng dụng điều hướng tới /admin/dashboard. 3. Menu admin hiển thị theo quyền của role đăng nhập. | H9: Pass | I9: Quản trị viên đăng nhập thành công
A10: TC_AUTH_09 | B10: Xác thực & Phiên | C10: Đăng nhập thất bại với sai mật khẩu | D10: Tồn tại tài khoản active trong hệ thống. | E10: Dữ liệu đăng nhập (sai mật khẩu): - email: customer_test01@gmail.com - password: WrongPassword123 | F10: 1. Chuẩn bị dữ liệu test đầu vào theo cột Dữ Liệu Đầu Vào. 2. Mở màn hình Login. 3. Nhập email đúng. 4. Nhập password sai và nhấn Login. | G10: 1. API trả về lỗi xác thực phù hợp. 2. Màn hình hiển thị thông báo lỗi dễ hiểu. 3. Không cấp access token hoặc refresh token mới. | H10: Pass | I10: Từ chối đăng nhập do sai mật khẩu (Đúng thiết kế)
A11: TC_AUTH_10 | B11: Xác thực & Phiên | C11: Ẩn và hiện mật khẩu trên màn hình Login | D11: Người dùng đang ở màn hình Login. | E11: Dữ liệu đăng nhập khách hàng: - email: customer_test01@gmail.com - password: Test@123456 | F11: 1. Chuẩn bị dữ liệu test đầu vào theo cột Dữ Liệu Đầu Vào. 2. Nhập giá trị vào ô Password. 3. Nhấn nút Show. 4. Nhấn lại nút Hide. | G11: 1. Khi nhấn Show, mật khẩu được hiển thị dạng text. 2. Khi nhấn Hide, mật khẩu được che lại. 3. Giá trị password không bị mất trong quá trình chuyển trạng thái. | H11: Pass | I11: Ẩn hiện mật khẩu hoạt động tốt trên các Input Front-End
A12: TC_AUTH_11 | B12: Xác thực & Phiên | C12: Refresh token hợp lệ cấp lại phiên | D12: Người dùng đã đăng nhập và có refreshToken hợp lệ. | E12: Dữ liệu refresh token: - refreshToken: eyJhbGciOiJIUzI1NiIsInR5cCI6IkpXVCJ9.eyJ1c2VySWQiOiJjdXN0b21lcl9pZF8wMSIsImlhdCI6MTY4NjY2NjY2NiwiZXhwIjoxNjg5MjU5MjU5fQ... | F12: 1. Chuẩn bị dữ liệu test đầu vào theo cột Dữ Liệu Đầu Vào. 2. Gửi request refresh-token với refreshToken hợp lệ. 3. Quan sát response API. 4. Dùng access token mới gọi endpoint /me. | G12: 1. API refresh-token trả về access token mới. 2. Endpoint /me nhận token mới và trả về đúng user hiện tại. 3. Không làm thay đổi role hoặc trạng thái người dùng. | H12: Pass | I12: Làm mới access token thành công bằng refresh token hợp lệ
... A150: TC_NONFUNC_14 | B150: Bảo mật, UI/UX & Hiệu năng | C150: Thông báo lỗi backend không lộ stack trace | D150: Gây lỗi validation, lỗi không có quyền và lỗi resource not found. | E150: Điều kiện kiểm thử bảo mật/hiệu năng/giao diện | F150: 1. Chuẩn bị dữ liệu test đầu vào theo cột Dữ Liệu Đầu Vào. 2. Gửi request sai tới các endpoint đại diện. 3. Quan sát response body. 4. Kiểm tra console/log server nếu có. | G150: 1. Client chỉ nhận message và code phù hợp. 2. Stack trace chỉ nằm ở log server, không trả cho client. 3. Format lỗi nhất quán giữa customer, partner và admin. | H150: Pass | I150: Lỗi API che giấu thông tin chi tiết DB và ẩn dấu ngăn xếp cuộc gọi callstack khỏi phản hồi người dùng
